Video ID,Title,Views,Likes,Comments
waJKJW_XU90,Avatar: The Last Airbender | Official Teaser | Netflix,15772068,384245,35215
6pHZmBin4Xc,Toruk Macto - AVATAR (4k Movie Clip),2504611,19077,493
d9MyW72ELq0,Avatar: The Way of Water | Official Trailer,58147608,1042769,43084
nsO1isT60h8,Destruction of Home Tree - AVATAR (4k Movie Clip),484096,3815,615
5PSNL1qE6VY,Avatar | Official Trailer (HD) | 20th Century FOX,12795480,81233,8936
QohBlL3WurE,Training with the Ikran - AVATAR (4k Movie Clip),221823,2903,68
-pDP5K-xW2Y,Jake vs Colonel Quaritch - AVATAR (4k Movie Clip),839216,7111,428
VjIdoK0xM5E,Neytiri and Jake vs Quaritch - Final Battle Scene - Avatar (2009) Movie Clip HD,1185196,4374,123
Mvt1OWNk_Sg,The Final Battle (Part 1) - AVATAR (4k Movie Clip),516137,5093,212
PLtgIILX7E8,AVATAR Full Movie 2023: Fallen Kingdom | Superhero FXL Action Movies 2023 in English (Game Movie),43153979,203504,1336
YXtWPVFk5TQ,Avatar 3  Official Trailer | James Cameron  | 20th Century Studios | Avatar 3 Trailer,3208366,39315,1435
oFErWcXJLdw,TRAINING TO BE IN THE NEXT AVATAR MOVIE,2540343,49580,1668
a8Gx8wiNbs8,Avatar: The Way of Water | Official Teaser Trailer,27768025,682417,29008
WDFr1O_GeAQ,Avatar (2009) - Best Scenes,2362650,18208,636
ofvrOdrO9gY,Neytiri saves Jake (Ending Scene) - AVATAR (4k Movie Clip),1303669,17009,867
3G6J-ITWekA,Jake Wakes up in his Avatar Body - AVATAR (4k Movie Clip),5382399,23219,676
TgT8b62FJRI,Jake Meets Neytiri - AVATAR (4k Movie Clip),292504,3709,170
Hj6JCTAqFOo,AVATAR 3 Full Movie 2023 Fallen Kingdom HD,66994,252,12
V67Ytgs6KJo,Avatar: First Movie RECAP,610225,10346,320
jbncrh_3NfM,The Final Battle (Part 3) - AVATAR (4k Movie Clip),586471,4981,201
2u9ApB0sWxw,AVATAR RECAP: Everything You need to Know Before &quot;Way of Water&quot;,579536,8997,322
0sJeBiUCIt4,AVATAR Clip - Final Battle (2009) James Cameron,32331533,191814,3681
mdhEj_rG80Y,AVATAR - Movie Behind the Scenes | Making of,2963628,8182,134
f5Zx8iPek5I,Avatar 3 Will Introduce The Dark SideðŸ”¥ Of Na&#39;viâ€¦!?ðŸ˜®,7734907,351049,4005
nxjOFZqtLJc,AVATAR 3 Official Trailer (2024) | 20th Century Studios | Disney+,1859162,21426,594
53ZP1nfx2u8,Avatar: The Way of Water (2022) - Metkayina Confront Humans to Rescue Kids,1184152,6147,172
zpSueMIfc2k,AVATAR Clip - &quot;Awake&quot; (2009) James Cameron,13139604,54079,753
cMzwBkBdX6w,Did You Know This in AVATAR: THE WAY OF WATER? #shorts,861936,60946,279
bU2GSxkKqsU,Avatar (2009) | Jakeâ€™s first appearance as a Avatar Scene,1964534,86636,161
N_c8vTay6-k,Avatar 2 scenepack â€˜child scenesâ€™,406342,4528,145
Ehf6iESkLMk,Avatar 2: The Way Of Water - All Clips From The Movie (2022),2130728,10692,137
noVddIRzn3o,Sander VS Avatar Jake Sully #sandervs #satisfying #avatar,149522821,1155717,3284
HR2kbOK8i6I,The Last Airbender (2010) - Earthbenders Revolt! Scene (2/10) | Movieclips,10155332,78388,0
uLbnhYxh5Uk,Avatar The Way Of Water full movie :2023 || official movie|| 2022,44043,120,4
2O5Bi9AQyfQ,Avatar: The Last Airbender | Official Teaser Reaction,11862,1247,154
QOg9LUIvaig,"AVATAR: THE LAST AIRBENDER | Water, Earth, Fire, Air | Netflix",3260469,55250,3983
RGx8rYbRVR4,Why People Hate Avatar: A Lesson In Lazy Commentary,435275,26167,4066
hYWTPmmIdFA,When AVATAR 3 is coming out &amp; the NOTES Executives gave James Cameron for ALL AVATAR SEQUELS,127493,7325,209
Xkw96oC3LnI,First Look at Team Avatar Movie Poster (2025),378574,33510,1279
T5vdPy7nbRQ,Avatar Element Animation 2,2403346,190992,4702
TKndKigKkss,Avatar the Last Airbender movie coming 2024! #avatar #avatarthelastairbender #movie #nickelodeon,274025,16918,218
p_GgAHd5siE,TOPH: An Avatar Fan Film,2232929,135470,5422
Cimy6T1nczw,Avatar Scenes Without CGI,16190854,120724,1630
u3_Uhq6qxhU,AVATAR: THE LAST AIRBENDER Official First Look (2024) Netflix Live Action Trailer,788852,6164,1083
mK3ghy-2X6U,Avatar Actors Intense Under Water Training,13414518,180076,3154
kHNCaWjB-98,Zoe Saldana Performance Capture | AVATAR (2009) Before &amp; After CGI #shorts,24103139,1021501,3184
yRR1K9dmhxw,"Behind the scenes of Avatar, Zoe Saldana and Sam Worthington  #avatar #samworthington #zoesaldana",5781784,244961,934
U7cVZD0idBw,The Avatar wins a war with a Tsunami | The Last Airbender | CLIP,2423007,18567,754
Mw192fc8LsQ,Lo&#39;ak &amp; Tsireya - The Way of Water,4990456,25358,260
nlAIdVotZfg,What a world this is! First time watching AVATAR movie reaction,196158,9386,649
